<?xml version="1.0" encoding="utf-8"?>
<!--/16880584/653186/2.50/2/2/Diode/-->
<quadcept_library>
  <setting unit="mil" />
  <textstyle name="Default" height="47.244094488189" strokewidth="7.8740157480315" charwidth="47.244094488189" />
  <textstyle name="Dimension" height="19.6850393700787" strokewidth="0" charwidth="19.6850393700787" />
  <textstyle name="H127W0635TH00762" height="50" strokewidth="3" charwidth="25" />
  <textstyle name="H15W15TH02" height="59.0551181102362" strokewidth="7.8740157480315" charwidth="59.0551181102362" />
  <padstyle name="s120" surface="True" plated="False" isvia="False" nopaste="False" nomask="True" complex="False" holesize="0">
    <padshape layer="TOP" shape="square" width="47.244094488188" height="47.244094488188" />
    <padshape layer="TOP_SOLDER_MASK" shape="square" width="55.11811023622" height="55.11811023622" />
    <padshape layer="TOP_SOLDER_PASTE" shape="square" width="47.244094488188" height="47.244094488188" />
  </padstyle>
  <footprint name="HPZRC12X" originx="0" originy="0" pickpointx="0" pickpointy="0">
    <pcbpin number="1" name="1" style="s120" originx="-55.11811023622" originy="0" rotation="90" />
    <pcbpin number="2" name="2" style="s120" originx="55.11811023622" originy="0" rotation="90" />
    <line layer="TOP_ASSEMBLY" originx="-51.181102362204" originy="33.464566929133" endx="51.181102362204" endy="33.464566929133" width="3.9370078740157" />
    <line layer="TOP_ASSEMBLY" originx="51.181102362204" originy="33.464566929133" endx="51.181102362204" endy="-33.464566929133" width="3.9370078740157" />
    <line layer="TOP_ASSEMBLY" originx="51.181102362204" originy="-33.464566929133" endx="-51.181102362204" endy="-33.464566929133" width="3.9370078740157" />
    <line layer="TOP_ASSEMBLY" originx="-51.181102362204" originy="-33.464566929133" endx="-51.181102362204" endy="33.464566929133" width="3.9370078740157" />
    <line layer="TOP_PLACE_BOUND" originx="-118.11023622047" originy="72.83464566929" endx="118.11023622047" endy="72.83464566929" width="3.9370078740157" />
    <line layer="TOP_PLACE_BOUND" originx="118.11023622047" originy="72.83464566929" endx="118.11023622047" endy="-72.83464566929" width="3.9370078740157" />
    <line layer="TOP_PLACE_BOUND" originx="118.11023622047" originy="-72.83464566929" endx="-118.11023622047" endy="-72.83464566929" width="3.9370078740157" />
    <line layer="TOP_PLACE_BOUND" originx="-118.11023622047" originy="-72.83464566929" endx="-118.11023622047" endy="72.83464566929" width="3.9370078740157" />
    <line layer="TOP_SILKSCREEN" originx="-15.748031496063" originy="33.464566929133" endx="15.748031496063" endy="33.464566929133" width="7.8740157480314" />
    <line layer="TOP_SILKSCREEN" originx="15.748031496063" originy="-33.464566929133" endx="-15.748031496063" endy="-33.464566929133" width="7.8740157480314" />
    <line layer="TOP_SILKSCREEN" originx="-94.488188976377" originy="0" endx="-94.488188976377" endy="0" width="3.9370078740157" />
    <arc layer="TOP_SILKSCREEN" originx="-96.456692913385" originy="0" startangle=".0" sweepangle="180.0" radius="1.9685039370079" width="3.9370078740157" />
    <line layer="TOP_SILKSCREEN" originx="-98.425196850392" originy="0" endx="-98.425196850392" endy="0" width="3.9370078740157" />
    <arc layer="TOP_SILKSCREEN" originx="-96.456692913385" originy="0" startangle="-180.0" sweepangle="180.0" radius="1.9685039370079" width="3.9370078740157" />
  </footprint>
  <symbol name="HPZR-C12X" originx="0" originy="0">
    <line originx="200" originy="100" endx="200" endy="-100" width="0" />
    <line originx="100" originy="0" endx="200" endy="0" width="0" />
    <line originx="400" originy="0" endx="500" endy="0" width="0" />
    <sympin number="1" originx="100" originy="0" rotation="180" length="100" width="7.8740157480315" flipped="False">
      <text name="pinname" originx="140" originy="10" style="Default" rotation="0" justify="left" flipped="False" hidden="True" data="K" />
      <text name="pindes" originx="60" originy="10" style="Default" rotation="0" justify="lowerright" flipped="False" hidden="False" data="1" />
    </sympin>
    <sympin number="2" originx="500" originy="0" rotation="0" length="100" width="7.8740157480315" flipped="False">
      <text name="pinname" originx="460" originy="10" style="Default" rotation="0" justify="right" flipped="False" hidden="True" data="A" />
      <text name="pindes" originx="540" originy="10" style="Default" rotation="0" justify="lowerleft" flipped="False" hidden="False" data="2" />
    </sympin>
    <polygon type="polygon">
      <point x="200" y="0" />
      <point x="400" y="100" />
      <point x="400" y="-100" />
    </polygon>
  </symbol>
  <component name="HPZR-C12X" designatorprefix="D" height="43.307086614173" footprint="HPZRC12X">
    <comppin designator="1" sympin="1" pinswap="0" gateswap="0" gate="1" group="1" side="" type="Any" name="K" />
    <comppin designator="2" sympin="2" pinswap="0" gateswap="0" gate="1" group="1" side="" type="Any" name="A" />
    <attached_symbol gate="1" name="HPZR-C12X" />
    <pinmap designator="1" footprintpin="1" />
    <pinmap designator="2" footprintpin="2" />
    <text name="Datasheet" originx="0" originy="0" style="Default" rotation="0" justify="" flipped="False" hidden="True" data="https://assets.nexperia.com/documents/data-sheet/HPZR_SER.pdf" />
    <text name="Description" originx="0" originy="0" style="Default" rotation="0" justify="" flipped="False" hidden="True" data="vp_HPZR_SER - High power voltage regulator diodes@en-us" />
    <text name="Mouser Part Number" originx="0" originy="0" style="Default" rotation="0" justify="" flipped="False" hidden="True" data="771-HPZR-C12X" />
    <text name="Mouser Price/Stock" originx="0" originy="0" style="Default" rotation="0" justify="" flipped="False" hidden="True" data="https://www.mouser.co.uk/ProductDetail/Nexperia/HPZR-C12X?qs=By6Nw2ByBD3M7GC3ehNB2A%3D%3D" />
    <text name="Manufacturer_Name" originx="0" originy="0" style="Default" rotation="0" justify="" flipped="False" hidden="True" data="Nexperia" />
    <text name="Manufacturer_Part_Number" originx="450" originy="100" style="Default" rotation="0" justify="left" flipped="False" hidden="False" data="HPZR-C12X" />
  </component>
</quadcept_library>
