<?xml version="1.0" encoding="utf-8"?>
<!--/2992246/653186/2.50/3/2/Power Supply/-->
<quadcept_library>
  <setting unit="mil" />
  <textstyle name="Default" height="47.244094488189" strokewidth="7.8740157480315" charwidth="47.244094488189" />
  <textstyle name="Dimension" height="19.6850393700787" strokewidth="0" charwidth="19.6850393700787" />
  <textstyle name="H127W0635TH00762" height="50" strokewidth="3" charwidth="25" />
  <textstyle name="H15W15TH02" height="59.0551181102362" strokewidth="7.8740157480315" charwidth="59.0551181102362" />
  <padstyle name="c130.1_h75.9" surface="False" plated="True" isvia="False" nopaste="True" nomask="True" complex="False" holesize="29.881889763779">
    <padshape layer="TOP" shape="round" width="51.220472440944" height="51.220472440944" />
    <padshape layer="TOP_SOLDER_MASK" shape="round" width="59.094488188976" height="59.094488188976" />
    <padshape layer="INNER" shape="round" width="51.220472440944" height="51.220472440944" />
    <padshape layer="BOTTOM" shape="round" width="51.220472440944" height="51.220472440944" />
    <padshape layer="BOTTOM_SOLDER_MASK" shape="round" width="59.094488188976" height="59.094488188976" />
  </padstyle>
  <footprint name="TSR0648120WI" originx="0" originy="0" pickpointx="0" pickpointy="0">
    <pcbpin number="1" name="1" style="c130.1_h75.9" originx="0" originy="0" rotation="90" />
    <pcbpin number="2" name="2" style="c130.1_h75.9" originx="99.999999999999" originy="0" rotation="90" />
    <pcbpin number="3" name="3" style="c130.1_h75.9" originx="200" originy="0" rotation="90" />
    <line layer="TOP_ASSEMBLY" originx="-136.22047244094" originy="118.11023622047" endx="336.22047244094" endy="118.11023622047" width="3.9370078740157" />
    <line layer="TOP_ASSEMBLY" originx="336.22047244094" originy="118.11023622047" endx="336.22047244094" endy="-220.47244094488" width="3.9370078740157" />
    <line layer="TOP_ASSEMBLY" originx="336.22047244094" originy="-220.47244094488" endx="-136.22047244094" endy="-220.47244094488" width="3.9370078740157" />
    <line layer="TOP_ASSEMBLY" originx="-136.22047244094" originy="-220.47244094488" endx="-136.22047244094" endy="118.11023622047" width="3.9370078740157" />
    <line layer="TOP_SILKSCREEN" originx="-136.22047244094" originy="-220.47244094488" endx="336.22047244094" endy="-220.47244094488" width="7.8740157480314" />
    <line layer="TOP_SILKSCREEN" originx="336.22047244094" originy="-220.47244094488" endx="336.22047244094" endy="118.11023622047" width="7.8740157480314" />
    <line layer="TOP_SILKSCREEN" originx="336.22047244094" originy="118.11023622047" endx="-136.22047244094" endy="118.11023622047" width="7.8740157480314" />
    <line layer="TOP_SILKSCREEN" originx="-136.22047244094" originy="118.11023622047" endx="-136.22047244094" endy="-220.47244094488" width="7.8740157480314" />
    <line layer="TOP_PLACE_BOUND" originx="-211.02362204724" originy="-259.84251968504" endx="375.5905511811" endy="-259.84251968504" width="3.9370078740157" />
    <line layer="TOP_PLACE_BOUND" originx="375.5905511811" originy="-259.84251968504" endx="375.5905511811" endy="157.48031496063" width="3.9370078740157" />
    <line layer="TOP_PLACE_BOUND" originx="375.5905511811" originy="157.48031496063" endx="-211.02362204724" endy="157.48031496063" width="3.9370078740157" />
    <line layer="TOP_PLACE_BOUND" originx="-211.02362204724" originy="157.48031496063" endx="-211.02362204724" endy="-259.84251968504" width="3.9370078740157" />
    <line layer="TOP_SILKSCREEN" originx="-171.65354330708" originy="0" endx="-171.65354330708" endy="0" width="7.8740157480314" />
    <arc layer="TOP_SILKSCREEN" originx="-169.68503937008" originy="0" startangle="-180.0" sweepangle="180.0" radius="1.9685039370079" width="7.8740157480314" />
    <line layer="TOP_SILKSCREEN" originx="-167.71653543307" originy="0" endx="-167.71653543307" endy="0" width="7.8740157480314" />
    <arc layer="TOP_SILKSCREEN" originx="-169.68503937008" originy="0" startangle=".0" sweepangle="180.0" radius="1.9685039370079" width="7.8740157480314" />
    <line layer="TOP_SILKSCREEN" originx="-171.65354330708" originy="0" endx="-171.65354330708" endy="0" width="7.8740157480314" />
    <arc layer="TOP_SILKSCREEN" originx="-169.68503937008" originy="0" startangle="-180.0" sweepangle="180.0" radius="1.9685039370079" width="7.8740157480314" />
  </footprint>
  <symbol name="TSR_0.6-48120WI" originx="0" originy="0">
    <line originx="200" originy="100" endx="800" endy="100" width="0" />
    <line originx="800" originy="-300" endx="800" endy="100" width="0" />
    <line originx="800" originy="-300" endx="200" endy="-300" width="0" />
    <line originx="200" originy="100" endx="200" endy="-300" width="0" />
    <sympin number="1" originx="200" originy="0" rotation="180" length="100" width="7.8740157480315" flipped="False">
      <text name="pinname" originx="230" originy="0" style="Default" rotation="0" justify="left" flipped="False" hidden="False" data="+VIN" />
      <text name="pindes" originx="140" originy="20" style="Default" rotation="0" justify="lowerright" flipped="False" hidden="False" data="1" />
    </sympin>
    <sympin number="2" originx="200" originy="-100" rotation="180" length="100" width="7.8740157480315" flipped="False">
      <text name="pinname" originx="230" originy="-100" style="Default" rotation="0" justify="left" flipped="False" hidden="False" data="GND" />
      <text name="pindes" originx="140" originy="-80" style="Default" rotation="0" justify="lowerright" flipped="False" hidden="False" data="2" />
    </sympin>
    <sympin number="3" originx="200" originy="-200" rotation="180" length="100" width="7.8740157480315" flipped="False">
      <text name="pinname" originx="230" originy="-200" style="Default" rotation="0" justify="left" flipped="False" hidden="False" data="+VOUT" />
      <text name="pindes" originx="140" originy="-180" style="Default" rotation="0" justify="lowerright" flipped="False" hidden="False" data="3" />
    </sympin>
  </symbol>
  <component name="TSR_0.6-48120WI" designatorprefix="PS" height="527.5590551181" footprint="TSR0648120WI">
    <comppin designator="1" sympin="1" pinswap="0" gateswap="0" gate="1" group="1" side="" type="Any" name="+VIN" />
    <comppin designator="2" sympin="2" pinswap="0" gateswap="0" gate="1" group="1" side="" type="Any" name="GND" />
    <comppin designator="3" sympin="3" pinswap="0" gateswap="0" gate="1" group="1" side="" type="Any" name="+VOUT" />
    <attached_symbol gate="1" name="TSR_0.6-48120WI" />
    <pinmap designator="1" footprintpin="1" />
    <pinmap designator="2" footprintpin="2" />
    <pinmap designator="3" footprintpin="3" />
    <text name="Datasheet" originx="0" originy="0" style="Default" rotation="0" justify="" flipped="False" hidden="True" data="https://tracopower.com/tsr0-6wi-datasheet/" />
    <text name="Description" originx="0" originy="0" style="Default" rotation="0" justify="" flipped="False" hidden="True" data="0.6 Amp POL converter, industrial, ultra wide 9-72 VDC input, pos.-pos. circuit, LM78 compatible, SIP-3" />
    <text name="Manufacturer_Name" originx="0" originy="0" style="Default" rotation="0" justify="" flipped="False" hidden="True" data="Traco Power" />
    <text name="Manufacturer_Part_Number" originx="850" originy="200" style="Default" rotation="0" justify="left" flipped="False" hidden="False" data="TSR 0.6-48120WI" />
    <text name="Mouser Part Number" originx="0" originy="0" style="Default" rotation="0" justify="" flipped="False" hidden="True" data="495-TSR0.6-48120WI" />
    <text name="Mouser Price/Stock" originx="0" originy="0" style="Default" rotation="0" justify="" flipped="False" hidden="True" data="https://www.mouser.co.uk/ProductDetail/TRACO-Power/TSR-0.6-48120WI?qs=XeJtXLiO41RYifRYPPRcXw%3D%3D" />
    <text name="Arrow Part Number" originx="0" originy="0" style="Default" rotation="0" justify="" flipped="False" hidden="True" data="" />
    <text name="Arrow Price/Stock" originx="0" originy="0" style="Default" rotation="0" justify="" flipped="False" hidden="True" data="" />
  </component>
</quadcept_library>
